id,username,email,password,first_name,last_name
1,trussell0,trussell0@goo.ne.jp,tKwLlX,Terry,Russell
2,pmiller1,pmiller1@bandcamp.com,qpWwgFFOiJXF,Patricia,Miller
3,mlewis2,mlewis2@comcast.net,I93z9xx,Maria,Lewis
4,sgibson3,sgibson3@yolasite.com,128G5x,Stephanie,Gibson
5,rrussell4,rrussell4@eventbrite.com,8VfeuK,Ryan,Russell
6,bgibson5,bgibson5@statcounter.com,61DbO9DE,Bonnie,Gibson
7,btaylor6,btaylor6@deviantart.com,0Ss4Z7xFS,Brenda,Taylor
8,jgarcia7,jgarcia7@cdc.gov,jdIs8sEvm,Jeremy,Garcia
9,gnguyen8,gnguyen8@elegantthemes.com,FiQoK8,Gary,Nguyen
10,bbarnes9,bbarnes9@behance.net,QUmfnDXOutYS,Billy,Barnes
11,sbaileya,sbaileya@quantcast.com,U3d2ckxz,Steve,Bailey
12,aryanb,aryanb@cyberchimps.com,SDJR3vHF5Ivi,Amy,Ryan
13,rclarkc,rclarkc@thetimes.co.uk,UrsAdJn1bb2z,Rose,Clark
14,acarterd,acarterd@123-reg.co.uk,U8hIxut,Amanda,Carter
15,sbrowne,sbrowne@bloglines.com,7q66PI,Susan,Brown
16,jparkerf,jparkerf@mapy.cz,RfSRWtpY,Jason,Parker
17,egreeneg,egreeneg@irs.gov,KS5gGQ,Ernest,Greene
18,iwalkerh,iwalkerh@aboutads.info,BRaF2K0u,Irene,Walker
19,blawrencei,blawrencei@accuweather.com,Q2cgls16taM,Barbara,Lawrence
20,mblackj,mblackj@digg.com,I9dBkQBt,Marilyn,Black
21,bvasquezk,bvasquezk@va.gov,NCUOjjU89Tc,Barbara,Vasquez
22,bandrewsl,bandrewsl@flickr.com,95gnDKX,Brandon,Andrews
23,sgrahamm,sgrahamm@ucoz.ru,5XSlICGnrIKR,Sean,Graham
24,pmontgomeryn,pmontgomeryn@discuz.net,Um9yDBC5X0Gm,Phillip,Montgomery
25,rmurrayo,rmurrayo@senate.gov,euiNQN,Ruby,Murray
26,mowensp,mowensp@whitehouse.gov,SYtOCYMep,Mildred,Owens
27,jgrantq,jgrantq@lulu.com,JsRl3rr,Jason,Grant
28,cmitchellr,cmitchellr@time.com,BQIAAhj,Clarence,Mitchell
29,pmitchells,pmitchells@blogtalkradio.com,fND6ACVUIQ,Paula,Mitchell
30,hturnert,hturnert@networkadvertising.org,saJTNj9zQ,Heather,Turner
31,devansu,devansu@moonfruit.com,Joj0ZA,Donald,Evans
32,bdavisv,bdavisv@lulu.com,hGSBOkHW,Bonnie,Davis
33,jmcdonaldw,jmcdonaldw@homestead.com,xwro5ngfxt,Johnny,Mcdonald
34,wmorrisonx,wmorrisonx@fastcompany.com,TiVeIkP5A,Wanda,Morrison
35,whernandezy,whernandezy@tumblr.com,DK7KqWGaaV,Willie,Hernandez
36,mtorresz,mtorresz@macromedia.com,MGEfpZJ0,Margaret,Torres
37,cmason10,cmason10@alexa.com,mryEeN55z,Cheryl,Mason
38,rbell11,rbell11@unesco.org,vr4QxvrsL,Ruth,Bell
39,ppeters12,ppeters12@yahoo.com,Cr2J8Uo,Paula,Peters
40,mford13,mford13@parallels.com,7HRdb6,Melissa,Ford
41,rreyes14,rreyes14@ibm.com,C9SydlIOxIb,Ruby,Reyes
42,dalexander15,dalexander15@harvard.edu,p6RAgMs7N8s,Denise,Alexander
43,jgilbert16,jgilbert16@nsw.gov.au,jxqdjWY6KX,Jason,Gilbert
44,gstevens17,gstevens17@sina.com.cn,mcWFvwZD,Gregory,Stevens
45,dwillis18,dwillis18@disqus.com,vmIuXu,Dorothy,Willis
46,tharper19,tharper19@house.gov,FMA8QqVbMun8,Thomas,Harper
47,aroberts1a,aroberts1a@squarespace.com,PKZfg0,Antonio,Roberts
48,aallen1b,aallen1b@homestead.com,Gnt2d6Kk0Yy,Anthony,Allen
49,sdunn1c,sdunn1c@multiply.com,owX3FuMFWL,Sean,Dunn
50,rholmes1d,rholmes1d@prweb.com,GhQfjJLCOf,Raymond,Holmes
51,fwallace1e,fwallace1e@liveinternet.ru,TTUlzvB3AxKK,Frances,Wallace
52,whernandez1f,whernandez1f@telegraph.co.uk,Nl3b32KbRPgV,William,Hernandez
53,nperry1g,nperry1g@amazon.co.jp,aBXWXOkD,Norma,Perry
54,jgreene1h,jgreene1h@rediff.com,5aEn8J1ig,Julia,Greene
55,sandrews1i,sandrews1i@vistaprint.com,r802xQD,Sarah,Andrews
56,tsmith1j,tsmith1j@census.gov,UfdYMOYdJKQ,Timothy,Smith
57,rreid1k,rreid1k@bigcartel.com,Z2EAkYC,Richard,Reid
58,tcollins1l,tcollins1l@taobao.com,gGUo9M5pxJP,Todd,Collins
59,dhernandez1m,dhernandez1m@mit.edu,0PA9tEmki,Denise,Hernandez
60,lphillips1n,lphillips1n@nifty.com,xjQAzhMds4U,Lisa,Phillips
61,dnichols1o,dnichols1o@cbsnews.com,3M3mbh,Daniel,Nichols
62,mrobertson1p,mrobertson1p@sitemeter.com,4KBnLzWQ0,Michelle,Robertson
63,egomez1q,egomez1q@netvibes.com,5bxb1U,Elizabeth,Gomez
64,ftorres1r,ftorres1r@dailymotion.com,FhzelgG,Frances,Torres
65,jgomez1s,jgomez1s@google.it,zK2q0K3opIo,Jean,Gomez
66,awalker1t,awalker1t@unicef.org,jAsooJOAbXv,Amanda,Walker
67,ssullivan1u,ssullivan1u@va.gov,yMuFb2,Scott,Sullivan
68,dgray1v,dgray1v@pen.io,jIigEuv,Denise,Gray
69,aramos1w,aramos1w@gnu.org,pRPBO1S,Anthony,Ramos
70,pcarpenter1x,pcarpenter1x@ebay.co.uk,UptKHW0pVaSF,Peter,Carpenter
71,jharvey1y,jharvey1y@uiuc.edu,HTfWwjuee,Jerry,Harvey
72,lford1z,lford1z@amazon.com,IJBq5WhM,Lois,Ford
73,mmyers20,mmyers20@ebay.co.uk,k8peiX,Mary,Myers
74,griley21,griley21@comsenz.com,tQufvI5jK,Gregory,Riley
75,abishop22,abishop22@gizmodo.com,hXAs0b,Angela,Bishop
76,bwood23,bwood23@hatena.ne.jp,6Bi4TbtRnmAg,Brian,Wood
77,skennedy24,skennedy24@jiathis.com,sEVJAroO9qFM,Susan,Kennedy
78,mbailey25,mbailey25@hubpages.com,elNcuRKkw8k,Margaret,Bailey
79,srodriguez26,srodriguez26@ocn.ne.jp,IKYP3fOV4ND,Steve,Rodriguez
80,espencer27,espencer27@booking.com,sp7eK6re34Xz,Eugene,Spencer
81,ljenkins28,ljenkins28@ow.ly,y7GULrzd,Linda,Jenkins
82,rreed29,rreed29@nps.gov,65Rntt,Ronald,Reed
83,ghill2a,ghill2a@hubpages.com,VAKz8lVB,Gregory,Hill
84,kwells2b,kwells2b@nymag.com,5fjKcoaPnC,Kathy,Wells
85,ehall2c,ehall2c@weather.com,v8tglmYlR,Earl,Hall
86,cromero2d,cromero2d@usgs.gov,kibJxS62dusB,Clarence,Romero
87,rkim2e,rkim2e@ca.gov,7eJVTl3fyT2H,Russell,Kim
88,rstone2f,rstone2f@oakley.com,uVDIj4rv,Roy,Stone
89,dclark2g,dclark2g@msu.edu,HbBJliSg59q,Dennis,Clark
90,jpeters2h,jpeters2h@pcworld.com,rmxNAlkSLw2,Jason,Peters
91,dturner2i,dturner2i@blog.com,WMWSzmVw30j,Denise,Turner
92,bporter2j,bporter2j@tmall.com,DuxFi72fZy,Bruce,Porter
93,rrice2k,rrice2k@sohu.com,wxMO4O5sjAj,Raymond,Rice
94,epatterson2l,epatterson2l@narod.ru,wQCaqSOqrwa,Ernest,Patterson
95,landerson2m,landerson2m@geocities.com,9GLTZJ8SFweU,Lori,Anderson
96,bhunt2n,bhunt2n@yahoo.com,5iYe1b,Betty,Hunt
97,sdaniels2o,sdaniels2o@spiegel.de,cZWOq0Al,Steve,Daniels
98,dwatkins2p,dwatkins2p@tmall.com,k4MSeeffgzE,Donald,Watkins
99,lkelly2q,lkelly2q@mozilla.org,2knSe2b,Lori,Kelly
100,mpierce2r,mpierce2r@naver.com,819RGxPy74,Mary,Pierce
101,jcruz2s,jcruz2s@craigslist.org,ytd89z,Jonathan,Cruz
102,rryan2t,rryan2t@live.com,pY05lEpz,Ruby,Ryan
103,sstewart2u,sstewart2u@businessweek.com,aVQgyRldN,Scott,Stewart
104,talexander2v,talexander2v@vkontakte.ru,5Bhdh20mNuz,Tammy,Alexander
105,bhunt2w,bhunt2w@sbwire.com,mq7ITb,Brenda,Hunt
106,cspencer2x,cspencer2x@shop-pro.jp,s4Zv75,Charles,Spencer
107,jaustin2y,jaustin2y@google.co.uk,5D4WNLu,Jason,Austin
108,rwheeler2z,rwheeler2z@weebly.com,YbBt87F2M,Ruby,Wheeler
109,sknight30,sknight30@who.int,doQSAn2IeJ16,Shirley,Knight
110,asmith31,asmith31@list-manage.com,Z2h264I04x,Annie,Smith
111,pmeyer32,pmeyer32@harvard.edu,B0rpOVhew1,Pamela,Meyer
112,rlynch33,rlynch33@tumblr.com,hKRrxFI,Rachel,Lynch
113,rlittle34,rlittle34@delicious.com,HUh5qaIcD,Ruth,Little
114,aburke35,aburke35@domainmarket.com,vgdYhOGVS4Ed,Angela,Burke
115,cturner36,cturner36@nps.gov,sOhYKJtU,Cheryl,Turner
116,krivera37,krivera37@dropbox.com,4opsyKybbDG2,Kenneth,Rivera
117,lhughes38,lhughes38@live.com,PpGu2Noz8e,Lisa,Hughes
118,jramirez39,jramirez39@imgur.com,b5ytxJrGoCvV,Jean,Ramirez
119,hclark3a,hclark3a@irs.gov,Pij7ci,Heather,Clark
120,cromero3b,cromero3b@printfriendly.com,A2poVbBJw,Christina,Romero
121,pjenkins3c,pjenkins3c@gnu.org,DjcvOavb3a,Patrick,Jenkins
122,pburton3d,pburton3d@deliciousdays.com,07J4lu,Phillip,Burton
123,aray3e,aray3e@umich.edu,TVT3sCUo,Aaron,Ray
124,tmontgomery3f,tmontgomery3f@ehow.com,51q0Qe2dS,Todd,Montgomery
125,jhunt3g,jhunt3g@cafepress.com,MJirWWOu9,John,Hunt
126,cadams3h,cadams3h@shutterfly.com,FNn0p8N,Craig,Adams
127,rfuller3i,rfuller3i@vk.com,SjwAWFnI,Roger,Fuller
128,dmartin3j,dmartin3j@liveinternet.ru,uVJ4dSy,Dennis,Martin
129,rdunn3k,rdunn3k@photobucket.com,zRPHv80tiw,Ryan,Dunn
130,jmarshall3l,jmarshall3l@nyu.edu,OCchfA8ul2p,Judith,Marshall
131,lwallace3m,lwallace3m@businessweek.com,5dQcj1Brj,Lori,Wallace
132,aellis3n,aellis3n@state.gov,iCeTq1,Adam,Ellis
133,dmontgomery3o,dmontgomery3o@amazon.com,aODwZFq,Diane,Montgomery
134,mbowman3p,mbowman3p@ehow.com,YEBbBSS,Matthew,Bowman
135,lbryant3q,lbryant3q@skype.com,BBD5HQk,Louis,Bryant
136,cmorrison3r,cmorrison3r@skype.com,lHpgp7ikE,Christina,Morrison
137,dfernandez3s,dfernandez3s@ustream.tv,0nmycjUyppv,Dorothy,Fernandez
138,ctucker3t,ctucker3t@yahoo.co.jp,MIlCP8G5L,Cynthia,Tucker
139,hbarnes3u,hbarnes3u@nyu.edu,o3hOiUpdDryz,Henry,Barnes
140,dford3v,dford3v@digg.com,QHu7SymHSwx,David,Ford
141,lhanson3w,lhanson3w@google.co.jp,9NrBAW7rH83z,Louis,Hanson
142,asimmons3x,asimmons3x@geocities.com,5ip0Wxyar,Aaron,Simmons
143,dwelch3y,dwelch3y@chronoengine.com,DonqhNgEoM,David,Welch
144,jsullivan3z,jsullivan3z@quantcast.com,8Xi3QFDIW9xf,Janet,Sullivan
145,jmorgan40,jmorgan40@live.com,tmRhSIjp,Janet,Morgan
146,mhunter41,mhunter41@issuu.com,2d86SYd0Zx5P,Mildred,Hunter
147,alee42,alee42@illinois.edu,B10LSe,Annie,Lee
148,aalexander43,aalexander43@sina.com.cn,8nxPBbDFTo,Ashley,Alexander
149,dgray44,dgray44@google.com.hk,LWcdlv64zUY,Doris,Gray
150,klawson45,klawson45@ehow.com,Naz2vewl1,Kelly,Lawson
151,vcollins46,vcollins46@illinois.edu,nslEVdy,Victor,Collins
152,jortiz47,jortiz47@youtube.com,qJ44vfV3d1,Joshua,Ortiz
153,cprice48,cprice48@google.co.jp,79tgk6NJzv,Catherine,Price
154,jdiaz49,jdiaz49@bloglines.com,Z2XKB66LSRTj,Jessica,Diaz
155,dhanson4a,dhanson4a@rakuten.co.jp,KhLUN58G,Debra,Hanson
156,sryan4b,sryan4b@dedecms.com,YUTS2kvQ7,Shirley,Ryan
157,jfields4c,jfields4c@bloglines.com,PjncyImP,Jacqueline,Fields
158,cmorgan4d,cmorgan4d@rediff.com,9i76eafei,Christine,Morgan
159,dburns4e,dburns4e@columbia.edu,jnKVOWN5T,Debra,Burns
160,dphillips4f,dphillips4f@princeton.edu,B0Dl1bQhqVl4,Deborah,Phillips
161,banderson4g,banderson4g@people.com.cn,n7L8bG5,Betty,Anderson
162,njordan4h,njordan4h@lulu.com,p4GDcjg5ZAW,Nicole,Jordan
163,tmcdonald4i,tmcdonald4i@google.com,txajbGz,Terry,Mcdonald
164,djenkins4j,djenkins4j@quantcast.com,HS0y9b,Diane,Jenkins
165,lduncan4k,lduncan4k@ustream.tv,Jl7nZd1LTa1a,Lois,Duncan
166,ephillips4l,ephillips4l@alibaba.com,m3z8KX,Eric,Phillips
167,cgonzales4m,cgonzales4m@hugedomains.com,0Xndqgi,Cheryl,Gonzales
168,rwilliams4n,rwilliams4n@networkadvertising.org,MwLutIlbSmYb,Robin,Williams
169,hhunt4o,hhunt4o@senate.gov,t9EISkdkG,Helen,Hunt
170,wolson4p,wolson4p@gov.uk,dQZkgeMj0ye,Walter,Olson
171,arobertson4q,arobertson4q@webs.com,X6oCAQk4ulL6,Alice,Robertson
172,hreynolds4r,hreynolds4r@whitehouse.gov,o3l5wxpF,Henry,Reynolds
173,slopez4s,slopez4s@webs.com,W04MSP,Sarah,Lopez
174,jkim4t,jkim4t@so-net.ne.jp,1mZFCEu,Jack,Kim
175,jcarr4u,jcarr4u@ezinearticles.com,rNO04x4c5Fpc,Julie,Carr
176,bcook4v,bcook4v@altervista.org,AsbS6RL,Benjamin,Cook
177,dadams4w,dadams4w@wp.com,CEbpzqm,Donna,Adams
178,llong4x,llong4x@xing.com,Vbaa1LW3i9,Laura,Long
179,amccoy4y,amccoy4y@sbwire.com,I5oa83sqYTlK,Adam,Mccoy
180,gfreeman4z,gfreeman4z@apple.com,SDRk2T,Gloria,Freeman
181,rmcdonald50,rmcdonald50@sourceforge.net,HST8dcxMVD,Russell,Mcdonald
182,thill51,thill51@vinaora.com,FgWMW7xzWz,Tammy,Hill
183,smurray52,smurray52@studiopress.com,kEGBbZS,Susan,Murray
184,gwillis53,gwillis53@addthis.com,UzbQSSmv,Gloria,Willis
185,shawkins54,shawkins54@goodreads.com,lCqAzCkDzNaW,Sarah,Hawkins
186,bgilbert55,bgilbert55@icio.us,auimQzA,Brenda,Gilbert
187,jreynolds56,jreynolds56@gizmodo.com,IvB2qQo,Joshua,Reynolds
188,dmyers57,dmyers57@cbc.ca,4GsJasFLZPv,Dorothy,Myers
189,jbradley58,jbradley58@bravesites.com,bONQDQr3j7Y,Jonathan,Bradley
190,manderson59,manderson59@apple.com,M1zYcE,Margaret,Anderson
191,wphillips5a,wphillips5a@nba.com,c2r6ImmChe,Willie,Phillips
192,rgibson5b,rgibson5b@pen.io,4rStGYJzxs7,Rebecca,Gibson
193,ngilbert5c,ngilbert5c@mashable.com,AFOPbW3k,Nicole,Gilbert
194,mscott5d,mscott5d@godaddy.com,Ry67bwj,Martin,Scott
195,rreed5e,rreed5e@gravatar.com,7DWtuAcPT,Ralph,Reed
196,nbell5f,nbell5f@homestead.com,AV78z5q,Nicole,Bell
197,dlane5g,dlane5g@reddit.com,oWa3AA6uGN,Donald,Lane
198,lmurray5h,lmurray5h@imdb.com,oeGKw2nz,Linda,Murray
199,cdiaz5i,cdiaz5i@51.la,HJK7YrDh5Npa,Christopher,Diaz
200,rclark5j,rclark5j@ihg.com,kzbICBpP2,Richard,Clark
201,kholmes5k,kholmes5k@prlog.org,411J9n2,Katherine,Holmes
202,mhunt5l,mhunt5l@wikipedia.org,vWMM6s0Cx,Mildred,Hunt
203,tpeterson5m,tpeterson5m@paypal.com,SFL9CPC,Thomas,Peterson
204,schapman5n,schapman5n@google.co.uk,4dJXrQBo82,Scott,Chapman
205,dpayne5o,dpayne5o@weibo.com,7JpbW2r,Dennis,Payne
206,pfowler5p,pfowler5p@ucsd.edu,Z3sBna747WmP,Phillip,Fowler
207,enguyen5q,enguyen5q@shop-pro.jp,yqq02d7uZQ,Ernest,Nguyen
208,jwillis5r,jwillis5r@army.mil,Y3w8DT5sinL,Jimmy,Willis
209,jmills5s,jmills5s@gov.uk,pANBEmn9CTS,Jacqueline,Mills
210,jmorrison5t,jmorrison5t@ustream.tv,YiST3k8Ab5fm,Jason,Morrison
211,fwelch5u,fwelch5u@istockphoto.com,8iCjMtQ4,Frances,Welch
212,dward5v,dward5v@csmonitor.com,e4wpyeg,Diana,Ward
213,knguyen5w,knguyen5w@github.com,ZSU5letSy9BS,Kathleen,Nguyen
214,bgreene5x,bgreene5x@pbs.org,AinB16aaoTx,Billy,Greene
215,smccoy5y,smccoy5y@rediff.com,XkqEdHGf,Sandra,Mccoy
216,ptucker5z,ptucker5z@mapquest.com,FEu48GJT,Patricia,Tucker
217,pwood60,pwood60@usa.gov,fLaW3zzt1,Pamela,Wood
218,cschmidt61,cschmidt61@flavors.me,VEDahNxojX,Chris,Schmidt
219,rcarter62,rcarter62@weather.com,4DXpQBiRXDS,Russell,Carter
220,bbowman63,bbowman63@economist.com,kGN9VBb7G,Brenda,Bowman
221,bmorrison64,bmorrison64@dyndns.org,IhqeKZ0s5Zv,Bonnie,Morrison
222,chawkins65,chawkins65@ehow.com,Ej6kcWMPV,Christopher,Hawkins
223,chansen66,chansen66@reddit.com,4HbZ05pWkKGi,Christopher,Hansen
224,cfox67,cfox67@gmpg.org,uUd1dw,Clarence,Fox
225,sandrews68,sandrews68@ft.com,EICu279hT,Sandra,Andrews
226,gfreeman69,gfreeman69@discuz.net,9tUZBkr1S,Gerald,Freeman
227,belliott6a,belliott6a@geocities.com,OBxXByt,Betty,Elliott
228,mreyes6b,mreyes6b@yellowpages.com,Oj7Tmyl,Marie,Reyes
229,tday6c,tday6c@issuu.com,oBsK9f,Theresa,Day
230,brichardson6d,brichardson6d@disqus.com,uXEO3OL,Bonnie,Richardson
231,cthomas6e,cthomas6e@w3.org,cYL4WN,Carl,Thomas
232,cmcdonald6f,cmcdonald6f@furl.net,qnHt9VLwRd9R,Chris,Mcdonald
233,gtorres6g,gtorres6g@hatena.ne.jp,iaCElQEQwPD,Gerald,Torres
234,jmason6h,jmason6h@geocities.com,2C181qQY,James,Mason
235,jstephens6i,jstephens6i@ycombinator.com,qMPx5QbY,Jack,Stephens
236,vburke6j,vburke6j@boston.com,CXcOMhT9kfEj,Victor,Burke
237,aprice6k,aprice6k@clickbank.net,MGnNrG,Anna,Price
238,arichards6l,arichards6l@msu.edu,zIKCGCBRC,Ann,Richards
239,wwright6m,wwright6m@washington.edu,h495jvJgVn5y,William,Wright
240,sdavis6n,sdavis6n@rambler.ru,VM6NkO97t,Steven,Davis
241,ghenry6o,ghenry6o@umich.edu,V2ceffT4I,Gary,Henry
242,phowell6p,phowell6p@google.cn,uMLAyDEi9Z7A,Paul,Howell
243,cday6q,cday6q@networkadvertising.org,dPIHCK1Mz,Christine,Day
244,rharris6r,rharris6r@washington.edu,QYJwXs2Y85,Rachel,Harris
245,scruz6s,scruz6s@mayoclinic.com,kmZr0xQ3Hm,Shawn,Cruz
246,aelliott6t,aelliott6t@independent.co.uk,y9DZHte,Ann,Elliott
247,jortiz6u,jortiz6u@alibaba.com,j18lFL8,Julia,Ortiz
248,dbutler6v,dbutler6v@cdbaby.com,VT8jGk,Daniel,Butler
249,dgarcia6w,dgarcia6w@va.gov,Aeft2BkAd6hK,Debra,Garcia
250,plee6x,plee6x@mashable.com,uHRQn0,Patrick,Lee
251,bblack6y,bblack6y@spotify.com,A178gXq,Billy,Black
252,ecook6z,ecook6z@deviantart.com,cneWIiWKiG7k,Emily,Cook
253,wgardner70,wgardner70@yolasite.com,ze0S60i5v,Wayne,Gardner
254,skennedy71,skennedy71@diigo.com,yQpM4xAwzM6,Scott,Kennedy
255,bkelly72,bkelly72@webmd.com,TF4d2G,Brian,Kelly
256,mpierce73,mpierce73@bluehost.com,qbPNRYA7Y0,Marie,Pierce
257,iramos74,iramos74@moonfruit.com,WKnIC9Z3OlH,Irene,Ramos
258,tfuller75,tfuller75@twitpic.com,Q6WuoI,Thomas,Fuller
259,lfields76,lfields76@foxnews.com,K5Xh2AIJ5,Lori,Fields
260,kstewart77,kstewart77@mozilla.org,StnLZE17d,Kathryn,Stewart
261,klong78,klong78@imgur.com,HSsapZf,Katherine,Long
262,jbrown79,jbrown79@ebay.com,PFdzsTmJ5e2A,Joshua,Brown
263,pgutierrez7a,pgutierrez7a@google.com.br,rzUairfeXX5,Philip,Gutierrez
264,swatson7b,swatson7b@prweb.com,a1ozdOUGD,Samuel,Watson
265,jperez7c,jperez7c@hao123.com,28zF3cLtOG,Jean,Perez
266,jnelson7d,jnelson7d@google.com.hk,uhVczWiRo0Y,Joe,Nelson
267,jpowell7e,jpowell7e@discuz.net,nLGLhyuOjQfX,Joyce,Powell
268,aanderson7f,aanderson7f@live.com,a64VJfM,Anthony,Anderson
269,kstephens7g,kstephens7g@indiatimes.com,vB8fC5L,Kathleen,Stephens
270,msimmons7h,msimmons7h@oracle.com,N9Ia19,Margaret,Simmons
271,jlewis7i,jlewis7i@pinterest.com,Ez209li6g,Justin,Lewis
272,tjordan7j,tjordan7j@archive.org,IwdFPiWJj,Timothy,Jordan
273,plewis7k,plewis7k@squarespace.com,Ylx0iY,Paula,Lewis
274,dandrews7l,dandrews7l@i2i.jp,tPn7xwYkv,Diane,Andrews
275,cgreene7m,cgreene7m@wix.com,txastnUQX,Catherine,Greene
276,truiz7n,truiz7n@dot.gov,j9l67yIwdC,Theresa,Ruiz
277,jlane7o,jlane7o@businessweek.com,x9AKbSBA,Jonathan,Lane
278,jlarson7p,jlarson7p@gmpg.org,pxWbYMv,Jerry,Larson
279,epowell7q,epowell7q@twitter.com,LockMrY,Elizabeth,Powell
280,kgray7r,kgray7r@chron.com,aufLInx1,Kevin,Gray
281,tlawson7s,tlawson7s@toplist.cz,VTFGo3,Teresa,Lawson
282,nadams7t,nadams7t@vinaora.com,eIEMLPiDKhY,Nicole,Adams
283,ewalker7u,ewalker7u@weather.com,FcmNPqk62,Ernest,Walker
284,jkim7v,jkim7v@photobucket.com,MKNAGM,Juan,Kim
285,cwashington7w,cwashington7w@msu.edu,FfZRdikLfeow,Charles,Washington
286,jlawson7x,jlawson7x@biglobe.ne.jp,7ffvYP,Jonathan,Lawson
287,astevens7y,astevens7y@geocities.com,bP2sliUkZU,Anne,Stevens
288,cgarrett7z,cgarrett7z@clickbank.net,alXga9AUXWaS,Christine,Garrett
289,kholmes80,kholmes80@phpbb.com,MWmacZ,Keith,Holmes
290,edavis81,edavis81@livejournal.com,RGBesII,Ernest,Davis
291,sromero82,sromero82@slate.com,QUgX8F,Sarah,Romero
292,nturner83,nturner83@home.pl,s9gtr9OnndvH,Norma,Turner
293,bfoster84,bfoster84@blogspot.com,6sxLh4GBdy2,Benjamin,Foster
294,aaustin85,aaustin85@oaic.gov.au,aZKFlRWE6,Andrea,Austin
295,woliver86,woliver86@wikipedia.org,U7gD3lUD,Wayne,Oliver
296,mfisher87,mfisher87@taobao.com,Rh8nazkAsQ,Michelle,Fisher
297,jdean88,jdean88@altervista.org,mFfAVsqNE2o,Jean,Dean
298,rrice89,rrice89@unesco.org,4JfmFJWq0w4,Ralph,Rice
299,ryoung8a,ryoung8a@admin.ch,qmSeCkL,Ralph,Young
300,dscott8b,dscott8b@yolasite.com,bBgYTdnzk1,Douglas,Scott
301,twatson8c,twatson8c@narod.ru,u3Apgq2,Todd,Watson
302,bjordan8d,bjordan8d@phpbb.com,MDS9E4ui,Brenda,Jordan
303,jroberts8e,jroberts8e@sun.com,YCJG1ur7a,Joe,Roberts
304,jlopez8f,jlopez8f@ebay.co.uk,rZXxvY,Janet,Lopez
305,btorres8g,btorres8g@issuu.com,uR6FPUN2tMy6,Bonnie,Torres
306,sbanks8h,sbanks8h@google.com,wy7paqF,Sara,Banks
307,jortiz8i,jortiz8i@go.com,KHw9zZ6sJ,Jeremy,Ortiz
308,ahanson8j,ahanson8j@goo.gl,SPpfxPXHtT,Antonio,Hanson
309,csims8k,csims8k@webmd.com,Bw2WeFyqg3,Carlos,Sims
310,cschmidt8l,cschmidt8l@deliciousdays.com,cpeu1Bpx,Clarence,Schmidt
311,vduncan8m,vduncan8m@barnesandnoble.com,uryEFL2I9E,Victor,Duncan
312,pellis8n,pellis8n@phpbb.com,jxosmJUoCW,Patricia,Ellis
313,krichards8o,krichards8o@canalblog.com,o8vbpiZRZG,Kenneth,Richards
314,eharvey8p,eharvey8p@shop-pro.jp,Tjt31abwFnI,Emily,Harvey
315,privera8q,privera8q@who.int,VX1GcPQt8yt2,Philip,Rivera
316,rhansen8r,rhansen8r@joomla.org,upv2GWNIWz,Richard,Hansen
317,sperry8s,sperry8s@narod.ru,swm0JbHI,Sharon,Perry
318,jfisher8t,jfisher8t@free.fr,CGUbqO,Justin,Fisher
319,nsullivan8u,nsullivan8u@scribd.com,2CCSfzsBwzii,Nancy,Sullivan
320,mmason8v,mmason8v@flickr.com,bqor7ORsSuSq,Mildred,Mason
321,nhunt8w,nhunt8w@springer.com,q6WN8kYp8F,Nicholas,Hunt
322,lfowler8x,lfowler8x@japanpost.jp,vyI1jl0iY,Laura,Fowler
323,jsimmons8y,jsimmons8y@bizjournals.com,rnARLBfN0JnS,Justin,Simmons
324,msanders8z,msanders8z@naver.com,pdR2lh,Michelle,Sanders
325,sruiz90,sruiz90@cornell.edu,JLInfioS1Sov,Susan,Ruiz
326,jwilliamson91,jwilliamson91@bravesites.com,xReLqUD,Julie,Williamson
327,tgarcia92,tgarcia92@goodreads.com,xxN2dIT8,Terry,Garcia
328,rschmidt93,rschmidt93@nationalgeographic.com,3n9WGKZ0GKpq,Ronald,Schmidt
329,sbaker94,sbaker94@time.com,SDFZ58QIT3T,Shirley,Baker
330,tmorris95,tmorris95@fema.gov,ibIxtq8,Theresa,Morris
331,jmccoy96,jmccoy96@discuz.net,vSsl7oGY,Jacqueline,Mccoy
332,charrison97,charrison97@rambler.ru,YMXTAN,Cynthia,Harrison
333,cmendoza98,cmendoza98@europa.eu,09BjwMDu8P,Cheryl,Mendoza
334,lstone99,lstone99@odnoklassniki.ru,motEgNgxW,Lillian,Stone
335,efields9a,efields9a@blogtalkradio.com,VZug0uGaE,Edward,Fields
336,mhenderson9b,mhenderson9b@sitemeter.com,U6teuCo1rhkc,Melissa,Henderson
337,rdean9c,rdean9c@java.com,gn04cGwm,Rachel,Dean
338,lfox9d,lfox9d@4shared.com,8ydF2kRAb,Linda,Fox
339,hrivera9e,hrivera9e@cpanel.net,4CsDmaT0UfO,Heather,Rivera
340,rrichards9f,rrichards9f@mac.com,HyESDi,Robin,Richards
341,htorres9g,htorres9g@aboutads.info,3ESxlPckSOG,Harry,Torres
342,gschmidt9h,gschmidt9h@twitpic.com,gvZ21lQsr,Gary,Schmidt
343,jallen9i,jallen9i@google.de,yW3WKM,Joseph,Allen
344,ialexander9j,ialexander9j@archive.org,5px8NfmseT,Irene,Alexander
345,dbradley9k,dbradley9k@hexun.com,tlEJlW3RQ,Debra,Bradley
346,myoung9l,myoung9l@bigcartel.com,NJYofDC,Marie,Young
347,jthomas9m,jthomas9m@ebay.com,78QU4sIRfrDF,Joseph,Thomas
348,ameyer9n,ameyer9n@google.com.br,rf7mtvpWPs,Alice,Meyer
349,msmith9o,msmith9o@bluehost.com,LqFsSvKBOg,Marilyn,Smith
350,rgarcia9p,rgarcia9p@sitemeter.com,ZaHIHF2lKb,Raymond,Garcia
351,cfreeman9q,cfreeman9q@ezinearticles.com,lbPNXX,Christine,Freeman
352,bhowell9r,bhowell9r@arstechnica.com,oZCsa0GB,Bruce,Howell
353,cstanley9s,cstanley9s@wufoo.com,4Mc20x0K,Craig,Stanley
354,lgraham9t,lgraham9t@ameblo.jp,9zhGtUeGbK,Lillian,Graham
355,kwallace9u,kwallace9u@cafepress.com,8Vw0WM,Kelly,Wallace
356,vmorgan9v,vmorgan9v@weibo.com,eZ3Qgi1bwGqe,Virginia,Morgan
357,aadams9w,aadams9w@nhs.uk,UCn3ThV7o5Q,Alan,Adams
358,kbrown9x,kbrown9x@163.com,hd7JGL,Kevin,Brown
359,agreene9y,agreene9y@hubpages.com,fr174UL,Aaron,Greene
360,selliott9z,selliott9z@opera.com,4zNmfviUt4m,Susan,Elliott
361,shansona0,shansona0@google.fr,kL6ljS6YNT,Sharon,Hanson
362,eowensa1,eowensa1@squidoo.com,RS9IeZ,Emily,Owens
363,selliotta2,selliotta2@printfriendly.com,39kKtGCd,Susan,Elliott
364,jrichardsona3,jrichardsona3@is.gd,514s4TC,Janet,Richardson
365,kgordona4,kgordona4@craigslist.org,C25RW2LXI,Keith,Gordon
366,bfieldsa5,bfieldsa5@freewebs.com,XiUu8DbsSm6,Brenda,Fields
367,lallena6,lallena6@discovery.com,QzWEDyOCNa,Lawrence,Allen
368,arobertsa7,arobertsa7@umich.edu,Z1Sdpi,Arthur,Roberts
369,scolemana8,scolemana8@nydailynews.com,fPtLkfT7H,Samuel,Coleman
370,bberrya9,bberrya9@fema.gov,iIOpaQwp,Bruce,Berry
371,dwhiteaa,dwhiteaa@rambler.ru,fDl43xC,Donna,White
372,knguyenab,knguyenab@cmu.edu,tLS8g9PQ,Kathy,Nguyen
373,treidac,treidac@hibu.com,2tfrYUuh,Terry,Reid
374,kkellyad,kkellyad@istockphoto.com,IUqJJChM,Kathy,Kelly
375,jgrahamae,jgrahamae@1688.com,JGvPZXkLc,Justin,Graham
376,gberryaf,gberryaf@deliciousdays.com,UaCtMXEA,Gregory,Berry
377,vcoxag,vcoxag@youtu.be,i8YKheIZD,Virginia,Cox
378,emontgomeryah,emontgomeryah@wsj.com,vbsMchlcXc,Eric,Montgomery
379,jhillai,jhillai@dion.ne.jp,nRcXid,Johnny,Hill
380,tmyersaj,tmyersaj@weebly.com,V9qBl0q1,Tammy,Myers
381,jsimpsonak,jsimpsonak@vinaora.com,7k2hnI6h298,Joe,Simpson
382,rbowmanal,rbowmanal@php.net,aKZWIlekhb,Robin,Bowman
383,tmatthewsam,tmatthewsam@gravatar.com,d87lPxvu,Teresa,Matthews
384,ntuckeran,ntuckeran@google.fr,G2cUVTbBK,Nicholas,Tucker
385,jbrooksao,jbrooksao@marketwatch.com,MUIYcmHwdMc5,Joyce,Brooks
386,rreidap,rreidap@ning.com,qRvH7dHn,Randy,Reid
387,dperryaq,dperryaq@house.gov,s3ORd05,Daniel,Perry
388,mfordar,mfordar@sogou.com,5aU5iiRF,Marie,Ford
389,vlopezas,vlopezas@amazon.co.jp,bgmbhrFhmST,Virginia,Lopez
390,crichardsat,crichardsat@surveymonkey.com,Ljahx0G,Catherine,Richards
391,bphillipsau,bphillipsau@shutterfly.com,tBad9das,Brenda,Phillips
392,erodriguezav,erodriguezav@vkontakte.ru,dHuR1DgtFMt,Edward,Rodriguez
393,mbradleyaw,mbradleyaw@yelp.com,NfzcqvgkGAz2,Margaret,Bradley
394,smurrayax,smurrayax@google.co.uk,iKqHY2D3ddE,Samuel,Murray
395,jgutierrezay,jgutierrezay@mozilla.org,mNerxWdRC,Judith,Gutierrez
396,mhunteraz,mhunteraz@usgs.gov,aD7Vyxn7s,Margaret,Hunter
397,rhayesb0,rhayesb0@printfriendly.com,janlQD,Ruth,Hayes
398,ehunterb1,ehunterb1@sourceforge.net,KNxXB6t,Eugene,Hunter
399,thicksb2,thicksb2@plala.or.jp,F4QSuI7IJ3q,Todd,Hicks
400,jmyersb3,jmyersb3@prnewswire.com,kealKQlXs6,Juan,Myers
401,hscottb4,hscottb4@ovh.net,CVO5JdCQOjp,Howard,Scott
402,pschmidtb5,pschmidtb5@sfgate.com,gF103NMYm,Phyllis,Schmidt
403,sperkinsb6,sperkinsb6@i2i.jp,Tq97Q3oxd3Pk,Scott,Perkins
404,kburkeb7,kburkeb7@hud.gov,p4R1kvh,Kevin,Burke
405,mthompsonb8,mthompsonb8@vk.com,gAD4qYh,Marilyn,Thompson
406,rpriceb9,rpriceb9@nydailynews.com,oNIdZysl3LZ,Ruby,Price
407,jberryba,jberryba@hubpages.com,N22eLAwpMv0S,Jason,Berry
408,shillbb,shillbb@phoca.cz,Jpe3CR5Ty,Samuel,Hill
409,ahowardbc,ahowardbc@storify.com,AE7h7MwCC,Alan,Howard
410,tknightbd,tknightbd@alibaba.com,jGQab51U60,Teresa,Knight
411,jbishopbe,jbishopbe@aboutads.info,ieFwvPGI3Bc1,Joe,Bishop
412,dfieldsbf,dfieldsbf@cnet.com,ADMrQVxA,Donald,Fields
413,vmarshallbg,vmarshallbg@ezinearticles.com,VhT6gAn,Virginia,Marshall
414,acarrbh,acarrbh@youtu.be,nzBClCTQ,Anthony,Carr
415,areyesbi,areyesbi@drupal.org,eJekJ32sb,Andrea,Reyes
416,pmendozabj,pmendozabj@cargocollective.com,tJPGXNj66PV,Patrick,Mendoza
417,dmitchellbk,dmitchellbk@tamu.edu,XGkjYVuH726,Deborah,Mitchell
418,jlawrencebl,jlawrencebl@dmoz.org,14DgFOD7,Jose,Lawrence
419,ngarciabm,ngarciabm@gravatar.com,YTNYUuvy,Nicholas,Garcia
420,cnicholsbn,cnicholsbn@google.pl,b6P9NThRmM,Catherine,Nichols
421,awebbbo,awebbbo@ustream.tv,sXT8ApJ,Andrea,Webb
422,cspencerbp,cspencerbp@blogger.com,YAsdpV5z5XHQ,Chris,Spencer
423,srichardsbq,srichardsbq@dagondesign.com,GmUNj6HQtql,Scott,Richards
424,mwagnerbr,mwagnerbr@w3.org,mStepC,Martin,Wagner
425,lmeyerbs,lmeyerbs@edublogs.org,SpYCWUL,Lawrence,Meyer
426,gscottbt,gscottbt@samsung.com,pAyfsB5,Gerald,Scott
427,kthomasbu,kthomasbu@foxnews.com,AdU7lx,Kathryn,Thomas
428,fwillisbv,fwillisbv@ovh.net,iElTava2,Frances,Willis
429,schavezbw,schavezbw@skyrock.com,1zwthlGdzs0z,Susan,Chavez
430,brileybx,brileybx@vinaora.com,y8oTjj6JgDc,Billy,Riley
431,bromeroby,bromeroby@theatlantic.com,iqvoA43l,Beverly,Romero
432,wperkinsbz,wperkinsbz@devhub.com,5vD51pi,Wanda,Perkins
433,cgutierrezc0,cgutierrezc0@merriam-webster.com,Z9AmuX1vlTpe,Clarence,Gutierrez
434,ewilliamsc1,ewilliamsc1@abc.net.au,nVyIaeUMHW,Eric,Williams
435,bcookc2,bcookc2@loc.gov,CnBPrssqftg,Brandon,Cook
436,wwoodsc3,wwoodsc3@ucsd.edu,5D6h3fXRivq,William,Woods
437,kfosterc4,kfosterc4@biblegateway.com,lWipy4wd,Kathryn,Foster
438,jbutlerc5,jbutlerc5@shutterfly.com,t84BMTdTSMtt,Jimmy,Butler
439,jmorrisonc6,jmorrisonc6@moonfruit.com,yZbLy7GOHUfF,Jesse,Morrison
440,thayesc7,thayesc7@yellowpages.com,phWpbOyI,Todd,Hayes
441,bphillipsc8,bphillipsc8@mashable.com,Ofho2mDLoAQ,Bonnie,Phillips
442,rsullivanc9,rsullivanc9@drupal.org,yAaaKZ,Ralph,Sullivan
443,awardca,awardca@instagram.com,dmkkm5,Andrew,Ward
444,nrichardscb,nrichardscb@epa.gov,SANtwY3aF3eu,Nicole,Richards
445,eruizcc,eruizcc@disqus.com,EC7k9X2ciygm,Evelyn,Ruiz
446,tgeorgecd,tgeorgecd@forbes.com,igJula9CBDdk,Todd,George
447,ndanielsce,ndanielsce@google.com.hk,wvyhCFkI,Nicholas,Daniels
448,lwoodscf,lwoodscf@topsy.com,GBmtVd26Xb8,Larry,Woods
449,msimscg,msimscg@dedecms.com,XFLHa7Ye7fjp,Melissa,Sims
450,salvarezch,salvarezch@cornell.edu,Ce5RPZoocnmA,Samuel,Alvarez
451,nhowellci,nhowellci@addtoany.com,djaOAyDtC,Nicholas,Howell
452,mandersoncj,mandersoncj@weibo.com,YpF23O3g,Michelle,Anderson
453,gwelchck,gwelchck@biglobe.ne.jp,6DQz9LuDU,Gloria,Welch
454,earnoldcl,earnoldcl@themeforest.net,07Bvvw,Edward,Arnold
455,bfreemancm,bfreemancm@newsvine.com,jN5l9gDB,Barbara,Freeman
456,cbellcn,cbellcn@vk.com,YJVXBRF1Ob,Catherine,Bell
457,dthomasco,dthomasco@ask.com,aDayqN2vqHeA,Denise,Thomas
458,tsullivancp,tsullivancp@noaa.gov,yKGcM2RnDdvw,Timothy,Sullivan
459,erichardscq,erichardscq@nature.com,a7niIoLEol,Emily,Richards
460,rleecr,rleecr@tiny.cc,s2qd2Gt6jDf,Russell,Lee
461,ajordancs,ajordancs@phpbb.com,UUjHZ4kiJR,Anna,Jordan
462,ltaylorct,ltaylorct@rakuten.co.jp,7WcWxvVZECZ,Lori,Taylor
463,alongcu,alongcu@people.com.cn,GvVbom6R,Andrew,Long
464,lturnercv,lturnercv@squidoo.com,2uL4FCefCeFz,Larry,Turner
465,gmarshallcw,gmarshallcw@last.fm,DvnJzMxf,Gerald,Marshall
466,egrantcx,egrantcx@jiathis.com,d4ZKjGBCF,Earl,Grant
467,cwoodscy,cwoodscy@spiegel.de,3o0OWSi3H,Carol,Woods
468,jgraycz,jgraycz@intel.com,QycOJzgJkf8P,Joyce,Gray
469,psandersd0,psandersd0@tumblr.com,JkQZFR7Tdd,Paul,Sanders
470,lmartind1,lmartind1@pen.io,sOMRUPaxprh,Lois,Martin
471,hfosterd2,hfosterd2@illinois.edu,Wk6oTLQiN3,Heather,Foster
472,fpattersond3,fpattersond3@fastcompany.com,bZ01uHhDF2,Frances,Patterson
473,efieldsd4,efieldsd4@hubpages.com,5iK6GC2EZgU,Emily,Fields
474,rbakerd5,rbakerd5@admin.ch,bdiNsmEYr,Roy,Baker
475,mstevensd6,mstevensd6@earthlink.net,0WVRQZwx1J,Margaret,Stevens
476,jrossd7,jrossd7@networksolutions.com,uaPzFg,Jerry,Ross
477,abowmand8,abowmand8@unicef.org,nc169oz,Antonio,Bowman
478,randersond9,randersond9@un.org,qNt4pEMagfSG,Rachel,Anderson
479,lhenryda,lhenryda@apple.com,Z08rJDvh7y,Laura,Henry
480,pphillipsdb,pphillipsdb@utexas.edu,LDyJDAnK5gC,Paul,Phillips
481,grileydc,grileydc@moonfruit.com,RJCx4EeZVqqt,Gary,Riley
482,cwooddd,cwooddd@latimes.com,0vXkA52,Christina,Wood
483,ewheelerde,ewheelerde@miibeian.gov.cn,doMr2Sx6LJ,Evelyn,Wheeler
484,jrosedf,jrosedf@dyndns.org,fKpRx6,Joe,Rose
485,jwalkerdg,jwalkerdg@altervista.org,peJjSws3j,Jessica,Walker
486,scookdh,scookdh@skype.com,6lbxE3B,Steve,Cook
487,agraydi,agraydi@behance.net,z7Y5v9egZY8M,Antonio,Gray
488,psanchezdj,psanchezdj@gizmodo.com,nzvw7lp,Patrick,Sanchez
489,bcampbelldk,bcampbelldk@themeforest.net,BHiJIa5Y8bBf,Billy,Campbell
490,jbowmandl,jbowmandl@creativecommons.org,XKhlDuFzu,Jesse,Bowman
491,mfieldsdm,mfieldsdm@furl.net,Xo2l0r1X1,Martha,Fields
492,cbanksdn,cbanksdn@google.fr,2CIbDzdUXL2n,Craig,Banks
493,aturnerdo,aturnerdo@nhs.uk,AOZ06NM9,Alan,Turner
494,wtorresdp,wtorresdp@delicious.com,XDZ8n9L7P1VO,Wanda,Torres
495,csullivandq,csullivandq@apple.com,nXij8ZMEbcd,Carlos,Sullivan
496,waustindr,waustindr@ft.com,Cko8wK9,Willie,Austin
497,rsandersds,rsandersds@latimes.com,SDlpfaHs86S,Randy,Sanders
498,mbowmandt,mbowmandt@chicagotribune.com,lakHYw,Margaret,Bowman
499,bmeyerdu,bmeyerdu@house.gov,8PsbVlzNII,Brenda,Meyer
500,lcolemandv,lcolemandv@guardian.co.uk,uIkoxqvxI,Lori,Coleman
501,djacksondw,djacksondw@vkontakte.ru,V8PAEkH,Donna,Jackson
502,khowelldx,khowelldx@cyberchimps.com,sRKNIiHaAue,Kathy,Howell
503,mcarpenterdy,mcarpenterdy@yolasite.com,mRk3zwuHzN,Marilyn,Carpenter
504,kmitchelldz,kmitchelldz@livejournal.com,MbMQYNrKFh,Kelly,Mitchell
505,ggeorgee0,ggeorgee0@forbes.com,Z3CctixOG,Gerald,George
506,chughese1,chughese1@seattletimes.com,7WOvuW,Chris,Hughes
507,pweste2,pweste2@a8.net,5CxkOj,Pamela,West
508,dhendersone3,dhendersone3@exblog.jp,4BMPcydCCAo,Diana,Henderson
509,fbelle4,fbelle4@nasa.gov,yF5041o9UyEC,Frances,Bell
510,acartere5,acartere5@google.pl,CB9n72dP,Annie,Carter
511,dfullere6,dfullere6@altervista.org,sjAs25,Daniel,Fuller
512,jandrewse7,jandrewse7@usnews.com,9Y7eaWG1N6vG,Jean,Andrews
513,bfostere8,bfostere8@examiner.com,Rw624ur2tqr,Benjamin,Foster
514,rgraye9,rgraye9@angelfire.com,wOHimPNGCI,Ruth,Gray
515,bwashingtonea,bwashingtonea@cafepress.com,DaA500XskV,Billy,Washington
516,jwarreneb,jwarreneb@dagondesign.com,AfD0865I,Jean,Warren
517,bwelchec,bwelchec@stanford.edu,OQ4pMqVaY,Brandon,Welch
518,jfernandezed,jfernandezed@bloglines.com,PXu7h2n,James,Fernandez
519,dmedinaee,dmedinaee@alibaba.com,Wfty20TpqK,Deborah,Medina
520,dhowardef,dhowardef@accuweather.com,2sYrwT,Diane,Howard
521,hgardnereg,hgardnereg@upenn.edu,63MEJxkLLN,Henry,Gardner
522,eortizeh,eortizeh@hud.gov,26UgbZdJ,Eugene,Ortiz
523,tramirezei,tramirezei@xinhuanet.com,Tvw8tE7jL5,Tammy,Ramirez
524,preynoldsej,preynoldsej@goo.ne.jp,qNJtTkzZGBn,Paul,Reynolds
525,mmcdonaldek,mmcdonaldek@sitemeter.com,RwuBixxaSRg,Michael,Mcdonald
526,jhernandezel,jhernandezel@shutterfly.com,nrkB14d65JA,Julia,Hernandez
527,jtorresem,jtorresem@home.pl,FkwOhTYDD,Jack,Torres
528,msmithen,msmithen@alexa.com,KAsET0QTD0,Mark,Smith
529,wmurphyeo,wmurphyeo@hhs.gov,NOwruR9RRN0,Wayne,Murphy
530,jgomezep,jgomezep@japanpost.jp,rexigrHjsjd,Johnny,Gomez
531,nnguyeneq,nnguyeneq@opensource.org,zxf6ximtDtI,Nicole,Nguyen
532,wgarzaer,wgarzaer@bbb.org,Gm9lGw,Wayne,Garza
533,mharrises,mharrises@china.com.cn,aI9vUF,Michael,Harris
534,amedinaet,amedinaet@histats.com,NSWqYYFYS,Ashley,Medina
535,apierceeu,apierceeu@xrea.com,3SA0xhca32HQ,Alan,Pierce
536,chamiltonev,chamiltonev@yellowpages.com,GIYgAV,Carlos,Hamilton
537,bmasonew,bmasonew@rakuten.co.jp,UTMFlv3w1SU,Bonnie,Mason
538,bhillex,bhillex@ameblo.jp,evPxGPE6tY,Billy,Hill
539,eellisey,eellisey@com.com,uffhE6RS6ymd,Eugene,Ellis
540,hbrownez,hbrownez@alibaba.com,mAbVjLLp,Harold,Brown
541,aryanf0,aryanf0@census.gov,ME9kpc,Angela,Ryan
542,spiercef1,spiercef1@eepurl.com,QXNP5vVG3Q4s,Samuel,Pierce
543,jlanef2,jlanef2@yelp.com,Bx2PxpYq,Joe,Lane
544,rstewartf3,rstewartf3@joomla.org,BWrQ1JK6,Roger,Stewart
545,nreidf4,nreidf4@gizmodo.com,6bDj12,Nancy,Reid
546,dvasquezf5,dvasquezf5@studiopress.com,bIDdD0TG4ds2,Dorothy,Vasquez
547,ccastillof6,ccastillof6@mediafire.com,Ry8UMb,Clarence,Castillo
548,scruzf7,scruzf7@mail.ru,ICRCLqAt,Stephen,Cruz
549,probertsonf8,probertsonf8@wikispaces.com,ZYxkoA,Peter,Robertson
550,ajenkinsf9,ajenkinsf9@washingtonpost.com,zzmatp,Anna,Jenkins
551,lbowmanfa,lbowmanfa@umich.edu,cascgC,Louis,Bowman
552,agomezfb,agomezfb@xinhuanet.com,H9YNF3tA,Angela,Gomez
553,cgardnerfc,cgardnerfc@usatoday.com,x1P6ZCV,Carl,Gardner
554,psullivanfd,psullivanfd@geocities.com,e1ujJeCg,Paula,Sullivan
555,mwhitefe,mwhitefe@cdc.gov,aATZdHeJK,Mildred,White
556,bparkerff,bparkerff@prnewswire.com,3DTP0p,Brandon,Parker
557,jdunnfg,jdunnfg@yale.edu,IcpbYM5jCFI,Jerry,Dunn
558,jrossfh,jrossfh@cbslocal.com,vbGkVMpd,Juan,Ross
559,lhallfi,lhallfi@squidoo.com,k5tDbOAvw,Lois,Hall
560,nclarkfj,nclarkfj@wisc.edu,LMO5SwMR,Norma,Clark
561,jhowellfk,jhowellfk@house.gov,TXUvjZ1hGNa,Joseph,Howell
562,cgarciafl,cgarciafl@acquirethisname.com,cKmoTF7exG,Craig,Garcia
563,tbrooksfm,tbrooksfm@google.de,JyjTB8efhbjB,Thomas,Brooks
564,amyersfn,amyersfn@marriott.com,R5aA7Ve,Adam,Myers
565,sevansfo,sevansfo@mlb.com,Y6YwDgQEi,Sharon,Evans
566,cwarrenfp,cwarrenfp@nydailynews.com,Pt798g0Fvr,Cheryl,Warren
567,rhughesfq,rhughesfq@skyrock.com,NNqCXj3FEuO,Robin,Hughes
568,ssimpsonfr,ssimpsonfr@unblog.fr,DSKMnkxyF,Sandra,Simpson
569,lknightfs,lknightfs@pagesperso-orange.fr,uU1rL98YMbX,Lawrence,Knight
570,treedft,treedft@webeden.co.uk,IqMCnsS,Todd,Reed
571,psandersfu,psandersfu@netscape.com,lGlYNKZ6P,Patricia,Sanders
572,agreenefv,agreenefv@deviantart.com,zL83enrcEj1N,Arthur,Greene
573,tthompsonfw,tthompsonfw@arizona.edu,u6SvQvg47l2V,Theresa,Thompson
574,dcarpenterfx,dcarpenterfx@barnesandnoble.com,N97TjWNeoSvv,Doris,Carpenter
575,lspencerfy,lspencerfy@live.com,DkZUz9,Lori,Spencer
576,aadamsfz,aadamsfz@flavors.me,BxWr5s9,Ann,Adams
577,bwestg0,bwestg0@xinhuanet.com,IfCLzev9g,Billy,West
578,eharrisong1,eharrisong1@sakura.ne.jp,vNglI1T,Ernest,Harrison
579,hbarnesg2,hbarnesg2@creativecommons.org,tvyv9pvXC4,Heather,Barnes
580,jellisg3,jellisg3@youtube.com,ulnOsg,Janice,Ellis
581,hfoxg4,hfoxg4@nymag.com,iRusIJ8NVKr8,Harry,Fox
582,jreidg5,jreidg5@bbb.org,vS6eYLTDw,Johnny,Reid
583,cholmesg6,cholmesg6@mit.edu,N2Mq1m,Christine,Holmes
584,dhendersong7,dhendersong7@soup.io,Glr3Ni,Diane,Henderson
585,ecarrollg8,ecarrollg8@t-online.de,NF2YVpSbwN,Ernest,Carroll
586,jcampbellg9,jcampbellg9@intel.com,MiTseEgqQncH,Jesse,Campbell
587,hmartinezga,hmartinezga@hostgator.com,FFWbba,Heather,Martinez
588,sharveygb,sharveygb@redcross.org,HrGmrJoJG,Sara,Harvey
589,jramosgc,jramosgc@skype.com,EKUC7SoCH00X,Jeremy,Ramos
590,jhuntergd,jhuntergd@wunderground.com,75Wmwjpd,Joyce,Hunter
591,ldanielsge,ldanielsge@facebook.com,uVsGy926ehTF,Louise,Daniels
592,hscottgf,hscottgf@networksolutions.com,S9tjHPVDfp,Heather,Scott
593,cgordongg,cgordongg@bravesites.com,pJyYGZK,Cynthia,Gordon
594,crodriguezgh,crodriguezgh@xinhuanet.com,XQGBAKPqiF,Cheryl,Rodriguez
595,kthomasgi,kthomasgi@oracle.com,XKZkqMkXUw5,Katherine,Thomas
596,cleegj,cleegj@guardian.co.uk,dhQbBO,Catherine,Lee
597,mmartinezgk,mmartinezgk@upenn.edu,PBp7i6zPsbZj,Mildred,Martinez
598,bhughesgl,bhughesgl@netvibes.com,u4kbPbhOCRAw,Beverly,Hughes
599,mwagnergm,mwagnergm@yellowbook.com,Q9HcKPrHr,Mary,Wagner
600,edaygn,edaygn@thetimes.co.uk,hubsvCTg0pZe,Emily,Day
601,jnguyengo,jnguyengo@reddit.com,1gYvqR2NFgQ,John,Nguyen
602,rbishopgp,rbishopgp@privacy.gov.au,BQ8hh44MRpYc,Rebecca,Bishop
603,vchavezgq,vchavezgq@nasa.gov,EPUWCVp,Victor,Chavez
604,dmorgangr,dmorgangr@amazonaws.com,j9s7o42,Dorothy,Morgan
605,hduncangs,hduncangs@cbslocal.com,0cRHkNQChgfr,Harold,Duncan
606,palvarezgt,palvarezgt@ihg.com,kGFNWD6e,Phyllis,Alvarez
607,bholmesgu,bholmesgu@digg.com,3bfga8ttJ,Beverly,Holmes
608,jellisgv,jellisgv@biglobe.ne.jp,AJHlgj8mW,Judith,Ellis
609,jwoodsgw,jwoodsgw@cbsnews.com,bYMghctzNQ,Joyce,Woods
610,mmartinezgx,mmartinezgx@biglobe.ne.jp,Tqvz5XjHz,Mary,Martinez
611,jwilliamsgy,jwilliamsgy@shareasale.com,zfziB87g,Justin,Williams
612,mmorenogz,mmorenogz@is.gd,2bOJHNEMEN1x,Martin,Moreno
613,fcolemanh0,fcolemanh0@biglobe.ne.jp,vuoftd3Gw,Fred,Coleman
614,rpriceh1,rpriceh1@tuttocitta.it,hSU9RolktP,Rebecca,Price
615,sfieldsh2,sfieldsh2@oaic.gov.au,0Z4i7xcO5S,Shirley,Fields
616,alaneh3,alaneh3@wisc.edu,bien5jx,Albert,Lane
617,rcarterh4,rcarterh4@accuweather.com,kHuxvEQI0,Rachel,Carter
618,dcookh5,dcookh5@behance.net,P5Re3uWJFq,Dorothy,Cook
619,ndeanh6,ndeanh6@gnu.org,11GDBV,Nicholas,Dean
620,alittleh7,alittleh7@php.net,OtVIUbh6Sk,Andrea,Little
621,hrayh8,hrayh8@yelp.com,8iq6Bmo7eC7,Henry,Ray
622,jrossh9,jrossh9@toplist.cz,HV7ovE5J,Jesse,Ross
623,nandersonha,nandersonha@google.pl,OumvpxO,Nicole,Anderson
624,phallhb,phallhb@ovh.net,SedD1Jhv,Philip,Hall
625,jmarshallhc,jmarshallhc@ifeng.com,5V9lVLQcUS,Jessica,Marshall
626,aburnshd,aburnshd@studiopress.com,89638BrZ2YnR,Angela,Burns
627,dgomezhe,dgomezhe@indiatimes.com,RqqhNpBiQRQL,Denise,Gomez
628,rfordhf,rfordhf@posterous.com,ErkRh2NrJau,Ruth,Ford
629,dburtonhg,dburtonhg@whitehouse.gov,lfQgD5knKZ,Donna,Burton
630,kmorganhh,kmorganhh@wordpress.com,UB5MIA4Jg,Kenneth,Morgan
631,bsimshi,bsimshi@friendfeed.com,zMRmsFoyNXtk,Bruce,Sims
632,hdavishj,hdavishj@businesswire.com,xbyEg6sg,Howard,Davis
633,ewarrenhk,ewarrenhk@state.gov,b59yem8,Earl,Warren
634,rporterhl,rporterhl@example.com,j54Aelg,Richard,Porter
635,rcarrhm,rcarrhm@addthis.com,kuTQefLqR3v,Richard,Carr
636,gallenhn,gallenhn@webmd.com,6eP111RqfL7,Gary,Allen
637,lyoungho,lyoungho@google.com.hk,edxlD39doAiG,Louis,Young
638,bjacksonhp,bjacksonhp@wufoo.com,z0sxch1SN,Brandon,Jackson
639,jromerohq,jromerohq@chicagotribune.com,zq7NDObGW,Jimmy,Romero
640,kgranthr,kgranthr@imdb.com,rckbs8,Keith,Grant
641,jreyeshs,jreyeshs@weather.com,FEdcBGfiN,Janet,Reyes
642,rryanht,rryanht@google.es,rTB8astye,Russell,Ryan
643,jmillshu,jmillshu@imgur.com,oAPjIn0,Joe,Mills
644,mstewarthv,mstewarthv@cargocollective.com,ebuNbswIyQM,Mildred,Stewart
645,hkimhw,hkimhw@mlb.com,vSU94wbzm,Henry,Kim
646,rharperhx,rharperhx@un.org,fslAgtLrqmu,Ralph,Harper
647,jkelleyhy,jkelleyhy@paypal.com,eQQYMvhxQ,Jimmy,Kelley
648,lfowlerhz,lfowlerhz@archive.org,WXwIKpA0,Louis,Fowler
649,mcarteri0,mcarteri0@google.pl,ROv7nec,Martha,Carter
650,jmontgomeryi1,jmontgomeryi1@i2i.jp,fpvUtsub1L,Jose,Montgomery
651,cporteri2,cporteri2@microsoft.com,OAQyWUr2v,Catherine,Porter
652,hnguyeni3,hnguyeni3@cnet.com,Um86GKd,Heather,Nguyen
653,avasquezi4,avasquezi4@usnews.com,AeX7NyIW,Aaron,Vasquez
654,ahanseni5,ahanseni5@usnews.com,0fGm3YjVa,Angela,Hansen
655,cholmesi6,cholmesi6@mail.ru,Gwj5ZDPP7fdH,Christine,Holmes
656,mparkeri7,mparkeri7@goo.ne.jp,Rk3MIQj6YSr,Mark,Parker
657,mrichardsoni8,mrichardsoni8@huffingtonpost.com,Qc3I2yqfUm,Michael,Richardson
658,kfosteri9,kfosteri9@wix.com,6YRhbE8,Kathryn,Foster
659,jsmithia,jsmithia@rambler.ru,zgkAJnxlO5A,Jose,Smith
660,hbowmanib,hbowmanib@chron.com,7ay4LaDA,Helen,Bowman
661,rharperic,rharperic@tinyurl.com,dEiwqD8R,Richard,Harper
662,trichardsonid,trichardsonid@over-blog.com,UDfh4MrA,Todd,Richardson
663,mbennettie,mbennettie@mozilla.com,HNcUUmYy,Michelle,Bennett
664,dwelchif,dwelchif@mail.ru,jjTxn4tLq,Donna,Welch
665,pgreeneig,pgreeneig@biblegateway.com,RYwFfqPme,Phillip,Greene
666,rowensih,rowensih@tinyurl.com,OS52rHlTwnZ,Roy,Owens
667,llittleii,llittleii@blogs.com,nZFIcJ03yc,Lori,Little
668,mellisij,mellisij@360.cn,bxl89AiDE9a,Margaret,Ellis
669,bvasquezik,bvasquezik@theguardian.com,YirJM9R7kTIc,Bobby,Vasquez
670,pgardneril,pgardneril@google.es,ZiSD0M,Phillip,Gardner
671,rclarkim,rclarkim@mysql.com,IB68GY1A8Td,Ryan,Clark
672,jmurphyin,jmurphyin@sourceforge.net,1aX259DB,Janet,Murphy
673,rgilbertio,rgilbertio@flavors.me,im4853VdxA,Rose,Gilbert
674,rmatthewsip,rmatthewsip@yandex.ru,oE85LcOoE,Ruby,Matthews
675,drusselliq,drusselliq@qq.com,C62T1CWhO9,Donna,Russell
676,gdiazir,gdiazir@nps.gov,Ug4rtwEY,Gary,Diaz
677,cjamesis,cjamesis@mlb.com,72VjAwSW6,Carolyn,James
678,bmccoyit,bmccoyit@dion.ne.jp,OmFd2UgOL,Betty,Mccoy
679,eparkeriu,eparkeriu@so-net.ne.jp,ubnLE8,Ernest,Parker
680,chansoniv,chansoniv@alexa.com,Fw3y4s4y,Catherine,Hanson
681,jberryiw,jberryiw@nasa.gov,pTH6y3sXS,Janet,Berry
682,jwatkinsix,jwatkinsix@narod.ru,fCte9i,Jimmy,Watkins
683,cvasqueziy,cvasqueziy@phpbb.com,pLi2zd,Carlos,Vasquez
684,rrodrigueziz,rrodrigueziz@bluehost.com,tN0vOiBtJVBX,Russell,Rodriguez
685,lrossj0,lrossj0@linkedin.com,OGxcUsss4Xv,Louise,Ross
686,igarzaj1,igarzaj1@qq.com,GEYDH5ShpBF,Irene,Garza
687,lrichardsonj2,lrichardsonj2@gmpg.org,feQ1StdNdWJ,Linda,Richardson
688,kcarterj3,kcarterj3@state.tx.us,2Lo4TfMyV,Katherine,Carter
689,cstewartj4,cstewartj4@timesonline.co.uk,Vaa604tIALbg,Charles,Stewart
690,sharrisj5,sharrisj5@slideshare.net,vZC6yDocUnBC,Stephen,Harris
691,mgordonj6,mgordonj6@ucsd.edu,tBGkNCs,Michelle,Gordon
692,jwalkerj7,jwalkerj7@marriott.com,GbnsiSL,Julia,Walker
693,cmillerj8,cmillerj8@exblog.jp,SAAv5n9,Clarence,Miller
694,bbutlerj9,bbutlerj9@skype.com,GgYdGU9,Brenda,Butler
695,hmyersja,hmyersja@livejournal.com,OluOyF0,Helen,Myers
696,jsimpsonjb,jsimpsonjb@wsj.com,GHVzDMLPV,Jeffrey,Simpson
697,jthompsonjc,jthompsonjc@examiner.com,5XdspZFdMEq,Juan,Thompson
698,mruizjd,mruizjd@smugmug.com,O7sJP9jsWT,Mary,Ruiz
699,msimsje,msimsje@smh.com.au,G909fnxh2Ze3,Maria,Sims
700,cnicholsjf,cnicholsjf@apache.org,Rl3DTzAwdhO,Catherine,Nichols
701,bhowardjg,bhowardjg@reverbnation.com,SZnRSUAg,Bobby,Howard
702,mrobertsjh,mrobertsjh@stanford.edu,6RMtlS,Matthew,Roberts
703,pclarkji,pclarkji@lulu.com,rqwKffXCMJQF,Paula,Clark
704,wfisherjj,wfisherjj@twitpic.com,EBqNEs9wb,Walter,Fisher
705,swhitejk,swhitejk@yale.edu,cAUKsEze,Susan,White
706,rwillisjl,rwillisjl@msn.com,NPBbTU6D,Rebecca,Willis
707,aburtonjm,aburtonjm@odnoklassniki.ru,tY7iUE6cnXY,Amanda,Burton
708,lrichardsjn,lrichardsjn@go.com,F9Ivki,Louis,Richards
709,hevansjo,hevansjo@hao123.com,ra6FEfr,Henry,Evans
710,dhudsonjp,dhudsonjp@ox.ac.uk,ToloOX23g9s,Dorothy,Hudson
711,rmurphyjq,rmurphyjq@domainmarket.com,9Kri3tcZX,Russell,Murphy
712,rtaylorjr,rtaylorjr@alibaba.com,fs3XjBy,Ralph,Taylor
713,jramirezjs,jramirezjs@squarespace.com,bxSW2XQ9rdD,Jonathan,Ramirez
714,jfowlerjt,jfowlerjt@discuz.net,UneLzygFOzt,Jonathan,Fowler
715,rrileyju,rrileyju@mozilla.org,sZNsM9Rm6vn,Raymond,Riley
716,lfreemanjv,lfreemanjv@ed.gov,od6wjjVqxI,Larry,Freeman
717,sweaverjw,sweaverjw@etsy.com,3mvzi3UyybHx,Sandra,Weaver
718,sjacobsjx,sjacobsjx@usatoday.com,6rhHtlFz,Sharon,Jacobs
719,bhernandezjy,bhernandezjy@jimdo.com,tpZ5S6,Bobby,Hernandez
720,jmccoyjz,jmccoyjz@eepurl.com,ca73wp,Jennifer,Mccoy
721,jfloresk0,jfloresk0@google.co.jp,DLAWvT,Jeffrey,Flores
722,rgordonk1,rgordonk1@geocities.com,bn8rVSdn,Robert,Gordon
723,rgarzak2,rgarzak2@youtu.be,5Rgtm0,Robin,Garza
724,gcolemank3,gcolemank3@miibeian.gov.cn,YashTJL1CQCD,Gary,Coleman
725,bcarterk4,bcarterk4@cpanel.net,NNbtHl,Beverly,Carter
726,hmontgomeryk5,hmontgomeryk5@ftc.gov,kf9oPXjVxp7q,Harry,Montgomery
727,lmontgomeryk6,lmontgomeryk6@mysql.com,tg365jduj,Lois,Montgomery
728,lgrahamk7,lgrahamk7@canalblog.com,2xS4IFwef,Laura,Graham
729,gjohnstonk8,gjohnstonk8@hubpages.com,O3UqfVHO20m,Gloria,Johnston
730,kbradleyk9,kbradleyk9@nature.com,3lZUveLSZZ6w,Kathleen,Bradley
731,sperkinska,sperkinska@hao123.com,lnmsAt5,Susan,Perkins
732,bstephenskb,bstephenskb@state.tx.us,hq6TOqX,Bruce,Stephens
733,sfisherkc,sfisherkc@icio.us,Ixgi8Q,Scott,Fisher
734,mmorenokd,mmorenokd@cdc.gov,yGUBzzvOiIR0,Mary,Moreno
735,mjohnsonke,mjohnsonke@lulu.com,h9mMGYGS,Margaret,Johnson
736,dpowellkf,dpowellkf@aboutads.info,52vO4joA,Debra,Powell
737,tbowmankg,tbowmankg@cloudflare.com,ZWygl2jUF7tR,Theresa,Bowman
738,jjoneskh,jjoneskh@dailymotion.com,GB6lH7P8,Jose,Jones
739,dpayneki,dpayneki@mysql.com,JlS6TMjbjuvE,Diane,Payne
740,jandrewskj,jandrewskj@rediff.com,fWjzlaP,Jesse,Andrews
741,dfergusonkk,dfergusonkk@chronoengine.com,bFHrFU0I,Deborah,Ferguson
742,rknightkl,rknightkl@technorati.com,HSBZ6fbLR1mp,Raymond,Knight
743,pburkekm,pburkekm@howstuffworks.com,2P0wDQ1Eon2z,Phyllis,Burke
744,dhernandezkn,dhernandezkn@lycos.com,kETubNyfY,Donna,Hernandez
745,jalexanderko,jalexanderko@dyndns.org,g28j8B,Julie,Alexander
746,bpetersonkp,bpetersonkp@twitpic.com,JaqQIeb,Billy,Peterson
747,wstevenskq,wstevenskq@cam.ac.uk,iIYZcqcMUkw,Walter,Stevens
748,sjameskr,sjameskr@slashdot.org,UpVAcxKY,Samuel,James
749,bhughesks,bhughesks@berkeley.edu,QmYEIEPm,Benjamin,Hughes
750,tchapmankt,tchapmankt@apple.com,G1KWUvS,Todd,Chapman
751,mhallku,mhallku@cdc.gov,YRHVfo4Aa5Jz,Martin,Hall
752,alarsonkv,alarsonkv@merriam-webster.com,lQ36219eVl8s,Albert,Larson
753,shamiltonkw,shamiltonkw@google.com.hk,doiJFzJ4JZg,Sean,Hamilton
754,ksimpsonkx,ksimpsonkx@seesaa.net,ziJ3v17itO,Kevin,Simpson
755,dhernandezky,dhernandezky@washington.edu,jpeiCsVbEw,Dorothy,Hernandez
756,lsullivankz,lsullivankz@cmu.edu,xy0x6B50bHk,Louis,Sullivan
757,sfranklinl0,sfranklinl0@a8.net,Z2Y4f5,Sandra,Franklin
758,sdanielsl1,sdanielsl1@hp.com,jjMOru1ViFN,Sean,Daniels
759,ahilll2,ahilll2@geocities.com,LCHPYsF1Hle,Albert,Hill
760,hburkel3,hburkel3@ocn.ne.jp,9IivVo10mK0,Helen,Burke
761,jburtonl4,jburtonl4@opera.com,EL73X1Mq2l,Jacqueline,Burton
762,pstanleyl5,pstanleyl5@wikimedia.org,oV3Tk5,Phillip,Stanley
763,bgardnerl6,bgardnerl6@1und1.de,OWwxjS,Brenda,Gardner
764,mjacksonl7,mjacksonl7@addthis.com,a15RVL3wz,Mark,Jackson
765,aboydl8,aboydl8@unc.edu,PbTZ2oM2,Amanda,Boyd
766,mhicksl9,mhicksl9@admin.ch,m9qv5418x,Mark,Hicks
767,rmedinala,rmedinala@accuweather.com,Vylp0g,Roger,Medina
768,bcrawfordlb,bcrawfordlb@scientificamerican.com,ECYl75i,Brian,Crawford
769,mlarsonlc,mlarsonlc@amazonaws.com,MxOaFs,Martin,Larson
770,hreyesld,hreyesld@networkadvertising.org,5en4R3KuZY9R,Harold,Reyes
771,kvasquezle,kvasquezle@washington.edu,7eod4oMk9I79,Kimberly,Vasquez
772,jsullivanlf,jsullivanlf@shinystat.com,SOIfTaGN,Jeffrey,Sullivan
773,kbrookslg,kbrookslg@boston.com,VLcutQ,Keith,Brooks
774,cbowmanlh,cbowmanlh@rakuten.co.jp,hPA3TPaLX,Cynthia,Bowman
775,pcunninghamli,pcunninghamli@trellian.com,1sP4Fbe85,Phyllis,Cunningham
776,trosslj,trosslj@wiley.com,4brwHyfR,Tammy,Ross
777,tmurphylk,tmurphylk@craigslist.org,gNG9IdEQS,Todd,Murphy
778,ebrownll,ebrownll@europa.eu,nO0MOU,Edward,Brown
779,fgutierrezlm,fgutierrezlm@mapy.cz,P4SlJIf,Fred,Gutierrez
780,kortizln,kortizln@sitemeter.com,GjrIjY3I,Kathryn,Ortiz
781,lmurphylo,lmurphylo@archive.org,V05hjB,Larry,Murphy
782,ssimpsonlp,ssimpsonlp@marriott.com,uRolhmqJZR,Susan,Simpson
783,acooklq,acooklq@furl.net,sphi0f,Adam,Cook
784,jroselr,jroselr@prlog.org,UX2dDxCHj,Joan,Rose
785,vwellsls,vwellsls@google.fr,MG0Oc3U,Virginia,Wells
786,jfosterlt,jfosterlt@amazon.co.uk,RYZXl73zh,Jacqueline,Foster
787,charrislu,charrislu@npr.org,oIobaJBzFW,Christine,Harris
788,jrichardslv,jrichardslv@goodreads.com,b61Ay9,Jacqueline,Richards
789,jallenlw,jallenlw@fastcompany.com,ExsMixgM5K,Joseph,Allen
790,rfisherlx,rfisherlx@mediafire.com,IezlIt4KL,Robert,Fisher
791,lreynoldsly,lreynoldsly@digg.com,LTDHnGJY,Louise,Reynolds
792,jharrisonlz,jharrisonlz@blog.com,W93lhKv39F,Jeffrey,Harrison
793,ahowellm0,ahowellm0@statcounter.com,CKpiumiUWbT,Ann,Howell
794,hschmidtm1,hschmidtm1@wsj.com,P1WlODY08C,Henry,Schmidt
795,rromerom2,rromerom2@un.org,cdYkZrmAZgp,Roy,Romero
796,mhallm3,mhallm3@twitter.com,q0DT3otA,Matthew,Hall
797,jwellsm4,jwellsm4@japanpost.jp,12yd2cP,Jane,Wells
798,pbellm5,pbellm5@google.co.jp,Yxifo0yLZX6,Patricia,Bell
799,nhayesm6,nhayesm6@apple.com,f6TvwrBNUwST,Nicole,Hayes
800,hmartinezm7,hmartinezm7@hud.gov,wKMgvJ,Harold,Martinez
801,jadamsm8,jadamsm8@homestead.com,ujOjarXXTGc4,John,Adams
802,pweaverm9,pweaverm9@webeden.co.uk,6ngjXn0AM7,Phillip,Weaver
803,wgrantma,wgrantma@cafepress.com,hmYYS8nlJ,Willie,Grant
804,sfostermb,sfostermb@go.com,HGYaH5pX,Sandra,Foster
805,ddaymc,ddaymc@ox.ac.uk,D6T1dNYfwlRn,Debra,Day
806,vgomezmd,vgomezmd@cdc.gov,MxuFwTCy,Virginia,Gomez
807,aturnerme,aturnerme@last.fm,VCMutXL5oex,Ann,Turner
808,dgonzalesmf,dgonzalesmf@walmart.com,DaTFytjfvfLm,Donna,Gonzales
809,rmcdonaldmg,rmcdonaldmg@rakuten.co.jp,NqYmljFgxZCW,Raymond,Mcdonald
810,gperkinsmh,gperkinsmh@webs.com,7KrylHnRm3,Gloria,Perkins
811,ahowellmi,ahowellmi@theatlantic.com,yT5KNowh,Adam,Howell
812,jshawmj,jshawmj@walmart.com,QCxJiCwoD022,Jessica,Shaw
813,gfordmk,gfordmk@blogspot.com,UujUUqtlab0,Gary,Ford
814,clawrenceml,clawrenceml@google.com.au,gFSRjK3HIps,Craig,Lawrence
815,bcruzmm,bcruzmm@themeforest.net,cq6X0YRbb0Ku,Bobby,Cruz
816,jgibsonmn,jgibsonmn@google.com.au,oP6SnnB,Juan,Gibson
817,pwhitemo,pwhitemo@naver.com,Ll3WN2zp77I,Paula,White
818,dfergusonmp,dfergusonmp@zimbio.com,DLjq1n,Diana,Ferguson
819,kjohnstonmq,kjohnstonmq@wix.com,hU8QjJ3u,Kenneth,Johnston
820,gclarkmr,gclarkmr@psu.edu,qBcGaHd,Gerald,Clark
821,clynchms,clynchms@ibm.com,Nx16uEM,Carl,Lynch
822,cpaynemt,cpaynemt@vistaprint.com,F8VCBF6O,Craig,Payne
823,ecruzmu,ecruzmu@smugmug.com,bGOlyJBtt,Earl,Cruz
824,fthomasmv,fthomasmv@webs.com,VnwrApxkM2,Frances,Thomas
825,cstevensmw,cstevensmw@tripod.com,iqLdAhELM,Cheryl,Stevens
826,lwatkinsmx,lwatkinsmx@omniture.com,ruArwdz5J,Louis,Watkins
827,revansmy,revansmy@istockphoto.com,MhjL7qY,Ruby,Evans
828,rmcdonaldmz,rmcdonaldmz@dmoz.org,m9LYNigMC7yt,Raymond,Mcdonald
829,jortizn0,jortizn0@nps.gov,UiT2yNPq8Hx,Jeremy,Ortiz
830,jfordn1,jfordn1@trellian.com,inaAd9,Jeffrey,Ford
831,rcarrn2,rcarrn2@vkontakte.ru,Uw3A64DSVSUD,Robert,Carr
832,awillisn3,awillisn3@bigcartel.com,DeCi8V,Arthur,Willis
833,rchapmann4,rchapmann4@exblog.jp,VNeVP6B,Rebecca,Chapman
834,jcampbelln5,jcampbelln5@buzzfeed.com,0OSSz1n,Jane,Campbell
835,vclarkn6,vclarkn6@51.la,n30Lgn,Victor,Clark
836,rwalkern7,rwalkern7@shareasale.com,jnjdxg3V,Rachel,Walker
837,aellisn8,aellisn8@facebook.com,dIAM735iga,Amanda,Ellis
838,jcarrn9,jcarrn9@cnbc.com,te81wOdefWQ,Janice,Carr
839,jwilliamsonna,jwilliamsonna@harvard.edu,HGbEWFVL,Justin,Williamson
840,craynb,craynb@dmoz.org,Ty9uNoqqfiWD,Carl,Ray
841,jharrisonnc,jharrisonnc@tamu.edu,KqWkOCA,John,Harrison
842,psmithnd,psmithnd@godaddy.com,LDRcoMeIdh,Peter,Smith
843,tlynchne,tlynchne@ezinearticles.com,j1DdhakS,Teresa,Lynch
844,tlarsonnf,tlarsonnf@theatlantic.com,5DT2kGl1Nw,Terry,Larson
845,jbellng,jbellng@examiner.com,3yRbcXu0,Jerry,Bell
846,golsonnh,golsonnh@g.co,IbdvmplI,Gary,Olson
847,jandrewsni,jandrewsni@pen.io,ZKHq36,Jonathan,Andrews
848,nhartnj,nhartnj@usa.gov,eNtfMvP62w,Nicole,Hart
849,mkellynk,mkellynk@tripod.com,1Q3hUdMAp,Martha,Kelly
850,ilittlenl,ilittlenl@cbslocal.com,NnyNLEwoHIUx,Irene,Little
851,tdunnnm,tdunnnm@youtube.com,ThAbfruLgTN,Theresa,Dunn
852,wmillsnn,wmillsnn@4shared.com,jG1goJFNo,William,Mills
853,swilsonno,swilsonno@deliciousdays.com,3NrMBJM6,Sarah,Wilson
854,jcruznp,jcruznp@bigcartel.com,dYy2ez3i9gW2,Janice,Cruz
855,cruiznq,cruiznq@digg.com,CI5WvvCdVy,Chris,Ruiz
856,sscottnr,sscottnr@apache.org,cnbdZ0V,Stephen,Scott
857,mkingns,mkingns@reddit.com,walStfY,Martha,King
858,ksmithnt,ksmithnt@ebay.com,kokhVgH5idOf,Karen,Smith
859,jbryantnu,jbryantnu@flickr.com,B796tqAQVC,Joshua,Bryant
860,dwebbnv,dwebbnv@youku.com,VI1tym0,Donna,Webb
861,hgardnernw,hgardnernw@hostgator.com,9oxPEBIMq,Howard,Gardner
862,prileynx,prileynx@netscape.com,p7hEg7,Paula,Riley
863,hpetersonny,hpetersonny@de.vu,tlNcaPgqtcWQ,Henry,Peterson
864,htaylornz,htaylornz@tripod.com,s9uBq7FX6Q,Howard,Taylor
865,rleeo0,rleeo0@sciencedaily.com,FEwa4h2a,Ronald,Lee
866,radamso1,radamso1@dailymotion.com,9sNCGURt,Rose,Adams
867,jhickso2,jhickso2@google.es,DLY4MDypv,Jeremy,Hicks
868,jortizo3,jortizo3@facebook.com,VsTKAy,Julie,Ortiz
869,jscotto4,jscotto4@nature.com,zLGi4aoN,Janet,Scott
870,jfernandezo5,jfernandezo5@photobucket.com,pWTHo7AZRD6,Jesse,Fernandez
871,anicholso6,anicholso6@twitter.com,yklFjx,Albert,Nichols
872,baustino7,baustino7@toplist.cz,rKOPoUmoD,Beverly,Austin
873,sandrewso8,sandrewso8@jiathis.com,6yQ7ZJ9E,Susan,Andrews
874,djacksono9,djacksono9@yale.edu,FQaKD3yCEvq,Denise,Jackson
875,vyoungoa,vyoungoa@geocities.jp,4rM0xv,Victor,Young
876,sburtonob,sburtonob@sbwire.com,fD6o2hEs,Shirley,Burton
877,jalvarezoc,jalvarezoc@marketwatch.com,iqP2faUs,Johnny,Alvarez
878,awoodsod,awoodsod@mit.edu,HHrNATWBWQ7x,Anthony,Woods
879,smarshalloe,smarshalloe@dion.ne.jp,58jb5Gg,Scott,Marshall
880,aruizof,aruizof@wired.com,veobkxlh7I,Alan,Ruiz
881,amedinaog,amedinaog@goo.gl,0DHd42tzD,Amanda,Medina
882,cfergusonoh,cfergusonoh@histats.com,MMeErb,Catherine,Ferguson
883,jrobinsonoi,jrobinsonoi@abc.net.au,kNC6iD,Joan,Robinson
884,jmatthewsoj,jmatthewsoj@spiegel.de,3YiJFAn2mmh,Jeffrey,Matthews
885,dcarterok,dcarterok@plala.or.jp,Nld1yek,David,Carter
886,tmitchellol,tmitchellol@cam.ac.uk,R1bkSMOzdEc,Teresa,Mitchell
887,amarshallom,amarshallom@google.com.hk,ZpYFQMOJQp1N,Ashley,Marshall
888,rriceon,rriceon@cbc.ca,YNJt3J,Roger,Rice
889,ldunnoo,ldunnoo@sfgate.com,GytZfdoZ,Lillian,Dunn
890,jowensop,jowensop@imdb.com,tLNayduZ5,Jason,Owens
891,jlawsonoq,jlawsonoq@google.co.jp,r7sQpio5gQ,Jose,Lawson
892,twestor,twestor@nymag.com,Ykefbn,Tammy,West
893,cphillipsos,cphillipsos@1und1.de,DDXzYHrR54rS,Carl,Phillips
894,hhillot,hhillot@1688.com,MZUU1KVcec6,Harry,Hill
895,ssullivanou,ssullivanou@goo.ne.jp,PUmPplYjx7H,Susan,Sullivan
896,dnguyenov,dnguyenov@jugem.jp,efEVOC,Doris,Nguyen
897,ccolemanow,ccolemanow@csmonitor.com,e6IfMl1eFbCv,Charles,Coleman
898,gfosterox,gfosterox@columbia.edu,ZyU5kSWdiL,Gregory,Foster
899,jgreenoy,jgreenoy@nyu.edu,Rm2tOsyG4gM6,Jennifer,Green
900,jboydoz,jboydoz@gmpg.org,hyT55nWxnq,Jacqueline,Boyd
901,kwheelerp0,kwheelerp0@unesco.org,TMytUHt,Katherine,Wheeler
902,cpattersonp1,cpattersonp1@blogspot.com,RAtTRUX0p9,Clarence,Patterson
903,sboydp2,sboydp2@vimeo.com,B2lebUZFpSpM,Steven,Boyd
904,mdeanp3,mdeanp3@hugedomains.com,cdmQj0r2,Martin,Dean
905,tramosp4,tramosp4@newsvine.com,2lKv4qQl9ae,Todd,Ramos
906,agomezp5,agomezp5@economist.com,hch3JeBfUR59,Anthony,Gomez
907,wbakerp6,wbakerp6@about.com,RP7DTp,Wanda,Baker
908,cfisherp7,cfisherp7@princeton.edu,ZsiUJcwohGst,Carolyn,Fisher
909,hmarshallp8,hmarshallp8@4shared.com,eskhXa0r02,Henry,Marshall
910,ecoxp9,ecoxp9@jugem.jp,wPPX0Xl4Mxf,Eugene,Cox
911,jdavispa,jdavispa@auda.org.au,UphpHb6bI,Jason,Davis
912,kfisherpb,kfisherpb@blogspot.com,av0csICGwG8,Kathleen,Fisher
913,mlawsonpc,mlawsonpc@chronoengine.com,ZD9Y510,Mary,Lawson
914,vellispd,vellispd@apache.org,02xNMMo43C,Victor,Ellis
915,rmartinpe,rmartinpe@pagesperso-orange.fr,FRHzEzx,Ryan,Martin
916,npiercepf,npiercepf@msu.edu,aVEWgAQYcoR8,Norma,Pierce
917,nhenrypg,nhenrypg@opera.com,8QAcl2,Nancy,Henry
918,mholmesph,mholmesph@patch.com,ItR82DEQs,Martin,Holmes
919,rparkerpi,rparkerpi@latimes.com,yATbLHmCYyR,Richard,Parker
920,fdaypj,fdaypj@unicef.org,jZcjCAZMj,Fred,Day
921,rknightpk,rknightpk@eepurl.com,ODhfbIy1,Roger,Knight
922,jmatthewspl,jmatthewspl@1und1.de,O8L61ySA,Jack,Matthews
923,elawsonpm,elawsonpm@cafepress.com,xhZtMnFwy,Eric,Lawson
924,jlongpn,jlongpn@over-blog.com,qurPk3wJ,Jennifer,Long
925,brobinsonpo,brobinsonpo@boston.com,to4pPScxkUs,Bruce,Robinson
926,sgrahampp,sgrahampp@typepad.com,507OQLn,Sarah,Graham
927,kdeanpq,kdeanpq@economist.com,7ZRZFBR4PZ,Kimberly,Dean
928,athompsonpr,athompsonpr@wikimedia.org,bdOSodvPyhC,Angela,Thompson
929,jpetersonps,jpetersonps@bloomberg.com,FQZ2bAH,Jeremy,Peterson
930,jstevenspt,jstevenspt@alexa.com,IQGciNodA,Jeffrey,Stevens
931,darmstrongpu,darmstrongpu@purevolume.com,Y1rKlvP95me,David,Armstrong
932,aflorespv,aflorespv@infoseek.co.jp,KThnKLeYNz,Amanda,Flores
933,mwardpw,mwardpw@umich.edu,1wMsZOqX,Michael,Ward
934,apowellpx,apowellpx@gravatar.com,4LYf8lP3K,Anna,Powell
935,jsnyderpy,jsnyderpy@ow.ly,hlSnHsuhR,Judy,Snyder
936,jporterpz,jporterpz@fc2.com,Mj5nR1ulMJ,Julia,Porter
937,hweaverq0,hweaverq0@nhs.uk,2GnmLG,Helen,Weaver
938,pmitchellq1,pmitchellq1@phoca.cz,INTZxVaN7Y,Patricia,Mitchell
939,mgordonq2,mgordonq2@usnews.com,kMsZ3fL8B8,Maria,Gordon
940,swilliamsonq3,swilliamsonq3@is.gd,Rb5lLlJHo,Stephanie,Williamson
941,mspencerq4,mspencerq4@parallels.com,74bXHEjdkF,Margaret,Spencer
942,jwilsonq5,jwilsonq5@amazonaws.com,xLFS8BCzm,Jack,Wilson
943,jchapmanq6,jchapmanq6@amazon.co.jp,86hLNu,Jesse,Chapman
944,drodriguezq7,drodriguezq7@jimdo.com,A5oXIv,Diana,Rodriguez
945,aolsonq8,aolsonq8@ucla.edu,jBZjvmiV,Amanda,Olson
946,vmorenoq9,vmorenoq9@nasa.gov,DXP1nK,Virginia,Moreno
947,jhowellqa,jhowellqa@lulu.com,ARsMFTON,Janet,Howell
948,arossqb,arossqb@indiatimes.com,kqwXkm5,Anne,Ross
949,tcruzqc,tcruzqc@google.ru,Z3Lgp0rmTU,Timothy,Cruz
950,agarciaqd,agarciaqd@themeforest.net,LQFkeF,Ashley,Garcia
951,jjamesqe,jjamesqe@biblegateway.com,muBZFWyUOA,Jose,James
952,pdixonqf,pdixonqf@ifeng.com,c4Bx59GI,Peter,Dixon
953,ksmithqg,ksmithqg@blinklist.com,20lQjltBKV,Keith,Smith
954,rmorrisonqh,rmorrisonqh@apple.com,4voPcTH,Ryan,Morrison
955,mpattersonqi,mpattersonqi@sohu.com,vrxcRIXlj,Michael,Patterson
956,llawrenceqj,llawrenceqj@ucla.edu,sgLYm6WIq5Q,Larry,Lawrence
957,rfernandezqk,rfernandezqk@wunderground.com,2LtL82id8,Ralph,Fernandez
958,jarnoldql,jarnoldql@bbb.org,Fm7al9LQh,Jacqueline,Arnold
959,jmartinezqm,jmartinezqm@facebook.com,Ima0xgDz,Jane,Martinez
960,eshawqn,eshawqn@shutterfly.com,17Oo1IYRh,Eric,Shaw
961,jgreenqo,jgreenqo@tinyurl.com,wuQ2HvUNuevP,Johnny,Green
962,mmorenoqp,mmorenoqp@wordpress.org,esAYrz,Martin,Moreno
963,jrogersqq,jrogersqq@discuz.net,LlJFX3urW3,Jeffrey,Rogers
964,jwoodsqr,jwoodsqr@tiny.cc,VNB4u3vZ,Justin,Woods
965,dspencerqs,dspencerqs@bbb.org,LOCzGC,Dorothy,Spencer
966,ksimpsonqt,ksimpsonqt@about.me,lwbxgeCjrcW,Kenneth,Simpson
967,jjacobsqu,jjacobsqu@google.co.uk,bIKSyw7HDu,Julie,Jacobs
968,rjohnsonqv,rjohnsonqv@gmpg.org,BSMqjjbL20,Roy,Johnson
969,joliverqw,joliverqw@redcross.org,q4JAWGDH86W,Johnny,Oliver
970,gwalkerqx,gwalkerqx@newsvine.com,TadJPLHTI,Gerald,Walker
971,mchapmanqy,mchapmanqy@zdnet.com,0nzuYOf,Mary,Chapman
972,jwarrenqz,jwarrenqz@icq.com,w5GoBCtc1,Jack,Warren
973,nfloresr0,nfloresr0@sogou.com,5WPirX,Norma,Flores
974,dwestr1,dwestr1@cam.ac.uk,uKE9QVY,Daniel,West
975,gsullivanr2,gsullivanr2@ed.gov,y5Phx9bVD1,Gary,Sullivan
976,jrogersr3,jrogersr3@stumbleupon.com,uTP2amp,Jeffrey,Rogers
977,whillr4,whillr4@ftc.gov,WLu22G,Willie,Hill
978,marmstrongr5,marmstrongr5@dailymotion.com,8EKzhIn5,Marilyn,Armstrong
979,jdanielsr6,jdanielsr6@multiply.com,ABAzvCPRzR,Jonathan,Daniels
980,rhunterr7,rhunterr7@kickstarter.com,HFjFWUj,Ryan,Hunter
981,jrogersr8,jrogersr8@themeforest.net,J109lM,Johnny,Rogers
982,npiercer9,npiercer9@wikispaces.com,ChhauroGig,Nancy,Pierce
983,dallenra,dallenra@yelp.com,6wUIq94wjrw,Deborah,Allen
984,dblackrb,dblackrb@aol.com,Xxdo9cjbBT,Daniel,Black
985,gdayrc,gdayrc@about.com,sY3j2PP,Gloria,Day
986,shicksrd,shicksrd@cam.ac.uk,WYYIhlCHY,Steve,Hicks
987,jfullerre,jfullerre@chronoengine.com,1W1BLHoeRQn,Joan,Fuller
988,gturnerrf,gturnerrf@ted.com,c6smZfd5C59,Gary,Turner
989,mpalmerrg,mpalmerrg@linkedin.com,MiQszi,Martin,Palmer
990,agutierrezrh,agutierrezrh@slate.com,ItZwZdIdgj,Alan,Gutierrez
991,srodriguezri,srodriguezri@ehow.com,q0vZbI,Shawn,Rodriguez
992,jgarciarj,jgarciarj@exblog.jp,4kBUhsb,Johnny,Garcia
993,eharperrk,eharperrk@infoseek.co.jp,gB7TOPm1j,Eugene,Harper
994,afreemanrl,afreemanrl@nydailynews.com,cyHW2Bd5J,Aaron,Freeman
995,nhudsonrm,nhudsonrm@cloudflare.com,HWMq0vY,Nicole,Hudson
996,tchapmanrn,tchapmanrn@rakuten.co.jp,SXC0xeKxYu44,Terry,Chapman
997,spiercero,spiercero@sciencedaily.com,xTvvcHduXgr,Sharon,Pierce
998,chillrp,chillrp@wix.com,3ajYBLkYaLr,Carl,Hill
999,areyesrq,areyesrq@ucoz.ru,2fBsYYSc,Alan,Reyes
1000,dcarterrr,dcarterrr@networkadvertising.org,1DLKfjHh5,Diane,Carter
